{
  "WPSJSONExport": "1.0 PRETTY",
  "nlin_est": [
    {
      "Parameter": "a",
      "Estimate": 3875099.3619,
      "Approx Std Error": 519622.01343,
      "Lower 95% CL": 2804917.7924,
      "Upper 95% CL": 4945280.9314,
      "t Value": 7.4575350192,
      "Approx Pr > |t|": 8.2476763E-8
    },
    {
      "Parameter": "b",
      "Estimate": 0.0153372941,
      "Approx Std Error": null,
      "Lower 95% CL": null,
      "Upper 95% CL": null,
      "t Value": null,
      "Approx Pr > |t|": null
    },
    {
      "Parameter": "c",
      "Estimate": 3797225.7533,
      "Approx Std Error": 534542.33562,
      "Lower 95% CL": 2696315.205,
      "Upper 95% CL": 4898136.3016,
      "t Value": 7.1036950683,
      "Approx Pr > |t|": 1.9096943E-7
    },
    {
      "Parameter": "d",
      "Estimate": -0.041258936,
      "Approx Std Error": null,
      "Lower 95% CL": null,
      "Upper 95% CL": null,
      "t Value": null,
      "Approx Pr > |t|": null
    }
  ]
}