{
  "WPSJSONExport": "1.0 PRETTY",
  "nlin_est": [
    {
      "Parameter": "a",
      "Estimate": 3857471.6777,
      "Approx Std Error": 511592.58348,
      "Lower 95% CL": 2803827.0288,
      "Upper 95% CL": 4911116.3267,
      "t Value": 7.5401243144,
      "Approx Pr > |t|": 6.7956174E-8
    },
    {
      "Parameter": "b",
      "Estimate": 0.015394702,
      "Approx Std Error": null,
      "Lower 95% CL": null,
      "Upper 95% CL": null,
      "t Value": null,
      "Approx Pr > |t|": null
    },
    {
      "Parameter": "c",
      "Estimate": 3779353.8564,
      "Approx Std Error": 526390.16913,
      "Lower 95% CL": 2695233.0093,
      "Upper 95% CL": 4863474.7035,
      "t Value": 7.179757674,
      "Approx Pr > |t|": 1.5922016E-7
    },
    {
      "Parameter": "d",
      "Estimate": -0.041377471,
      "Approx Std Error": null,
      "Lower 95% CL": null,
      "Upper 95% CL": null,
      "t Value": null,
      "Approx Pr > |t|": null
    }
  ]
}